<toolSet name="External Tools">
  <tool name="Compile Cython Files..." description="Compile the Cython files" showInMainMenu="false" showInEditor="false" showInProject="false" showInSearchPopup="false" disabled="true" useConsole="true" showConsoleOnStdOut="true" showConsoleOnStdErr="true" synchronizeAfterRun="true">
    <exec>
      <option name="COMMAND" value="python" />
      <option name="PARAMETERS" value="setup.py build_ext --inplace" />
      <option name="WORKING_DIRECTORY" value="$ProjectFileDir$" />
    </exec>
  </tool>
  <tool name="Black" description="Black is the uncompromising Python code formatter." showInMainMenu="false" showInEditor="false" showInProject="false" showInSearchPopup="false" disabled="true" useConsole="true" showConsoleOnStdOut="false" showConsoleOnStdErr="false" synchronizeAfterRun="true">
    <exec>
      <option name="COMMAND" value="$USER_HOME$/miniconda3/bin/black" />
      <option name="PARAMETERS" value="&quot;$FilePath$&quot;" />
      <option name="WORKING_DIRECTORY" />
    </exec>
  </tool>
  <tool name="Upload Arduino Sketch" description="Compile and upload an Arduino sketch" showInMainMenu="false" showInEditor="false" showInProject="false" showInSearchPopup="false" disabled="true" useConsole="true" showConsoleOnStdOut="false" showConsoleOnStdErr="false" synchronizeAfterRun="true">
    <exec>
      <option name="COMMAND" value="arduino-cli" />
      <option name="PARAMETERS" value="compile -b arduino:avr:uno -p /dev/cu.usbmodem144301 -u" />
      <option name="WORKING_DIRECTORY" value="$FileDir$" />
    </exec>
  </tool>
  <tool name="Blue" description="Python code formatter." showInMainMenu="false" showInEditor="false" showInProject="false" showInSearchPopup="false" disabled="true" useConsole="true" showConsoleOnStdOut="false" showConsoleOnStdErr="false" synchronizeAfterRun="true">
    <exec>
      <option name="COMMAND" value="$USER_HOME$/mambaforge/bin/blue" />
      <option name="PARAMETERS" value="&quot;$FilePath$&quot;" />
      <option name="WORKING_DIRECTORY" />
    </exec>
  </tool>
</toolSet>