<code_scheme name="Elliot Waite Style" version="173">
  <option name="OTHER_INDENT_OPTIONS">
    <value>
      <option name="INDENT_SIZE" value="2" />
      <option name="TAB_SIZE" value="2" />
    </value>
  </option>
  <option name="RIGHT_MARGIN" value="1000" />
  <option name="SOFT_MARGINS" value="80,100" />
  <HTMLCodeStyleSettings>
    <option name="HTML_QUOTE_STYLE" value="None" />
  </HTMLCodeStyleSettings>
  <JSCodeStyleSettings version="0">
    <option name="USE_SEMICOLON_AFTER_STATEMENT" value="false" />
    <option name="FORCE_SEMICOLON_STYLE" value="true" />
    <option name="SPACE_BEFORE_FUNCTION_LEFT_PARENTH" value="false" />
    <option name="USE_DOUBLE_QUOTES" value="false" />
    <option name="FORCE_QUOTE_STYlE" value="true" />
    <option name="SPACES_WITHIN_OBJECT_LITERAL_BRACES" value="true" />
    <option name="SPACES_WITHIN_IMPORTS" value="true" />
    <option name="IMPORT_SORT_MODULE_NAME" value="true" />
    <option name="BLACKLIST_IMPORTS" value="rxjs/Rx,node_modules/**,**/node_modules/**,@angular/material,@angular/material/typings/**,jotai/ts*/**,@react-navigation/native/**,react-native-reanimated/lib/**,react-native-gesture-handler/lib/typescript/handlers/gestures/reanimatedWrapper/**,@preact/signals-core/**,@shopify/react-native-skia/src/**" />
    <option name="IMPORT_PREFER_ABSOLUTE_PATH" value="TRUE" />
  </JSCodeStyleSettings>
  <Python>
    <option name="OPTIMIZE_IMPORTS_SORT_NAMES_IN_FROM_IMPORTS" value="true" />
    <option name="OPTIMIZE_IMPORTS_SORT_BY_TYPE_FIRST" value="false" />
    <option name="OPTIMIZE_IMPORTS_JOIN_FROM_IMPORTS_WITH_SAME_SOURCE" value="true" />
    <option name="OPTIMIZE_IMPORTS_CASE_INSENSITIVE_ORDER" value="true" />
  </Python>
  <TypeScriptCodeStyleSettings version="0">
    <option name="USE_SEMICOLON_AFTER_STATEMENT" value="false" />
    <option name="FORCE_SEMICOLON_STYLE" value="true" />
    <option name="SPACE_BEFORE_FUNCTION_LEFT_PARENTH" value="false" />
    <option name="USE_DOUBLE_QUOTES" value="false" />
    <option name="FORCE_QUOTE_STYlE" value="true" />
    <option name="SPACES_WITHIN_OBJECT_LITERAL_BRACES" value="true" />
    <option name="SPACES_WITHIN_IMPORTS" value="true" />
    <option name="IMPORT_SORT_MODULE_NAME" value="true" />
    <option name="BLACKLIST_IMPORTS" value="rxjs/Rx,node_modules/**,**/node_modules/**,@angular/material,@angular/material/typings/**,jotai/ts*/**,@react-navigation/native/**,react-native-reanimated/lib/**,react-native-gesture-handler/lib/typescript/handlers/gestures/reanimatedWrapper/**,@preact/signals-core/**,@shopify/react-native-skia/src/**" />
    <option name="IMPORT_PREFER_ABSOLUTE_PATH" value="TRUE" />
  </TypeScriptCodeStyleSettings>
  <codeStyleSettings language="CSS">
    <indentOptions>
      <option name="INDENT_SIZE" value="2" />
      <option name="CONTINUATION_INDENT_SIZE" value="4" />
      <option name="TAB_SIZE" value="2" />
    </indentOptions>
  </codeStyleSettings>
  <codeStyleSettings language="HTML">
    <indentOptions>
      <option name="INDENT_SIZE" value="2" />
      <option name="CONTINUATION_INDENT_SIZE" value="4" />
      <option name="TAB_SIZE" value="2" />
    </indentOptions>
  </codeStyleSettings>
  <codeStyleSettings language="JSON">
    <indentOptions>
      <option name="CONTINUATION_INDENT_SIZE" value="4" />
      <option name="TAB_SIZE" value="2" />
    </indentOptions>
  </codeStyleSettings>
  <codeStyleSettings language="JavaScript">
    <option name="KEEP_BLANK_LINES_IN_CODE" value="1" />
    <option name="ALIGN_MULTILINE_PARAMETERS" value="false" />
    <option name="ALIGN_MULTILINE_FOR" value="false" />
    <option name="TERNARY_OPERATION_SIGNS_ON_NEXT_LINE" value="true" />
    <option name="KEEP_SIMPLE_BLOCKS_IN_ONE_LINE" value="true" />
    <option name="KEEP_SIMPLE_METHODS_IN_ONE_LINE" value="true" />
    <indentOptions>
      <option name="INDENT_SIZE" value="2" />
      <option name="CONTINUATION_INDENT_SIZE" value="2" />
      <option name="TAB_SIZE" value="2" />
    </indentOptions>
  </codeStyleSettings>
  <codeStyleSettings language="LESS">
    <indentOptions>
      <option name="CONTINUATION_INDENT_SIZE" value="4" />
      <option name="TAB_SIZE" value="2" />
    </indentOptions>
  </codeStyleSettings>
  <codeStyleSettings language="SASS">
    <indentOptions>
      <option name="CONTINUATION_INDENT_SIZE" value="4" />
      <option name="TAB_SIZE" value="2" />
    </indentOptions>
  </codeStyleSettings>
  <codeStyleSettings language="SCSS">
    <indentOptions>
      <option name="CONTINUATION_INDENT_SIZE" value="4" />
      <option name="TAB_SIZE" value="2" />
    </indentOptions>
  </codeStyleSettings>
  <codeStyleSettings language="TypeScript">
    <option name="KEEP_BLANK_LINES_IN_CODE" value="1" />
    <option name="ALIGN_MULTILINE_PARAMETERS" value="false" />
    <option name="ALIGN_MULTILINE_FOR" value="false" />
    <option name="TERNARY_OPERATION_SIGNS_ON_NEXT_LINE" value="true" />
    <option name="KEEP_SIMPLE_BLOCKS_IN_ONE_LINE" value="true" />
    <option name="KEEP_SIMPLE_METHODS_IN_ONE_LINE" value="true" />
    <indentOptions>
      <option name="INDENT_SIZE" value="2" />
      <option name="CONTINUATION_INDENT_SIZE" value="2" />
      <option name="TAB_SIZE" value="2" />
    </indentOptions>
  </codeStyleSettings>
  <codeStyleSettings language="XML">
    <indentOptions>
      <option name="INDENT_SIZE" value="2" />
      <option name="CONTINUATION_INDENT_SIZE" value="4" />
      <option name="TAB_SIZE" value="2" />
    </indentOptions>
  </codeStyleSettings>
</code_scheme>