<application>
  <component name="libraryTable">
    <library name="Bundled Protobuf Distribution">
      <CLASSES />
      <SOURCES>
        <root url="jar://$APPLICATION_PLUGINS_DIR$/protobuf-jetbrains-plugin/lib/protobuf-java-3.6.1-sources.jar!/" />
      </SOURCES>
    </library>
    <library name="chrome-DefinitelyTyped" type="javaScript">
      <properties>
        <sourceFilesUrls>
          <item url="file://$APPLICATION_CONFIG_DIR$/javascript/extLibs/http_github.com_DefinitelyTyped_DefinitelyTyped_raw_master_types_chrome_chrome-app.d.ts" />
          <item url="file://$APPLICATION_CONFIG_DIR$/javascript/extLibs/http_github.com_DefinitelyTyped_DefinitelyTyped_raw_master_types_chrome_chrome-cast.d.ts" />
          <item url="file://$APPLICATION_CONFIG_DIR$/javascript/extLibs/http_github.com_DefinitelyTyped_DefinitelyTyped_raw_master_types_chrome_index.d.ts" />
        </sourceFilesUrls>
      </properties>
      <CLASSES>
        <root url="file://$APPLICATION_CONFIG_DIR$/javascript/extLibs/http_github.com_DefinitelyTyped_DefinitelyTyped_raw_master_types_chrome_chrome-app.d.ts" />
        <root url="file://$APPLICATION_CONFIG_DIR$/javascript/extLibs/http_github.com_DefinitelyTyped_DefinitelyTyped_raw_master_types_chrome_chrome-cast.d.ts" />
        <root url="file://$APPLICATION_CONFIG_DIR$/javascript/extLibs/http_github.com_DefinitelyTyped_DefinitelyTyped_raw_master_types_chrome_index.d.ts" />
      </CLASSES>
      <SOURCES />
    </library>
  </component>
</application>