<application>
  <component name="FileTypeManager" version="17">
    <ignoreFiles list="*$py.class;*.hprof;*.pyc;*.pyo;*.rbc;*.yarb;*~;.DS_Store;.git;.hg;.svn;CVS;__pycache__;_svn;vssver.scc;vssver2.scc;" />
    <extensionMap>
      <mapping pattern=".bablerc" type="JSON" />
      <mapping pattern=".nojekyll" type="PLAIN_TEXT" />
      <mapping pattern=".postcssrc" type="PLAIN_TEXT" />
      <mapping pattern="LICENSE" type="PLAIN_TEXT" />
      <mapping ext="1" type="PLAIN_TEXT" />
      <mapping ext="index" type="PLAIN_TEXT" />
      <mapping ext="data-00000-of-00001" type="PLAIN_TEXT" />
      <mapping ext="kv" type="PLAIN_TEXT" />
      <mapping ext="onnx" type="PLAIN_TEXT" />
      <mapping ext="php" type="PLAIN_TEXT" />
      <mapping ext="0" type="PLAIN_TEXT" />
      <mapping pattern="test_file" type="Python" />
      <removed_mapping ext="txt" approved="true" type="requirements.txt" />
      <removed_mapping pattern="gcp-script" approved="true" type="PLAIN_TEXT" />
      <removed_mapping pattern="asdfrandom" approved="true" type="PLAIN_TEXT" />
      <removed_mapping pattern="gcp_astra_ai.json" approved="true" type="PLAIN_TEXT" />
      <removed_mapping pattern="t2.py" approved="true" type="PLAIN_TEXT" />
      <removed_mapping pattern="test.py" approved="true" type="PLAIN_TEXT" />
      <removed_mapping pattern="notes" approved="true" type="PLAIN_TEXT" />
      <removed_mapping pattern="group1-shard1of1" approved="true" type="PLAIN_TEXT" />
      <mapping ext="pb" type="PROTO" />
    </extensionMap>
  </component>
</application>