<profile version="1.0">
  <option name="myName" value="Default" />
  <inspection_tool class="BadExpressionStatementJS" enabled="false" level="WEAK WARNING" enabled_by_default="false" />
  <inspection_tool class="CheckEmptyScriptTag" enabled="false" level="WARNING" enabled_by_default="false" />
  <inspection_tool class="DuplicatedCode" enabled="false" level="WEAK WARNING" enabled_by_default="false" />
  <inspection_tool class="Eslint" enabled="true" level="WARNING" enabled_by_default="true" />
  <inspection_tool class="HtmlUnknownAttribute" enabled="false" level="WARNING" enabled_by_default="false">
    <option name="myValues">
      <value>
        <list size="0" />
      </value>
    </option>
    <option name="myCustomValuesEnabled" value="true" />
  </inspection_tool>
  <inspection_tool class="HtmlUnknownTag" enabled="false" level="WARNING" enabled_by_default="false">
    <option name="myValues">
      <value>
        <list size="12">
          <item index="0" class="java.lang.String" itemvalue="nobr" />
          <item index="1" class="java.lang.String" itemvalue="noembed" />
          <item index="2" class="java.lang.String" itemvalue="comment" />
          <item index="3" class="java.lang.String" itemvalue="noscript" />
          <item index="4" class="java.lang.String" itemvalue="embed" />
          <item index="5" class="java.lang.String" itemvalue="script" />
          <item index="6" class="java.lang.String" itemvalue="actionbar" />
          <item index="7" class="java.lang.String" itemvalue="page" />
          <item index="8" class="java.lang.String" itemvalue="tabs" />
          <item index="9" class="java.lang.String" itemvalue="tabstrip" />
          <item index="10" class="java.lang.String" itemvalue="tabstripitem" />
          <item index="11" class="java.lang.String" itemvalue="tabcontentitem" />
        </list>
      </value>
    </option>
    <option name="myCustomValuesEnabled" value="true" />
  </inspection_tool>
  <inspection_tool class="JSIgnoredPromiseFromCall" enabled="false" level="WEAK WARNING" enabled_by_default="false" />
  <inspection_tool class="JSLastCommaInArrayLiteral" enabled="false" level="WARNING" enabled_by_default="false" />
  <inspection_tool class="JSLastCommaInObjectLiteral" enabled="false" level="WARNING" enabled_by_default="false" />
  <inspection_tool class="PyPackageRequirementsInspection" enabled="true" level="WARNING" enabled_by_default="true">
    <option name="ignoredPackages">
      <value>
        <list size="4">
          <item index="0" class="java.lang.String" itemvalue="tensorflow_probability" />
          <item index="1" class="java.lang.String" itemvalue="pytinyrenderer" />
          <item index="2" class="java.lang.String" itemvalue="thop" />
          <item index="3" class="java.lang.String" itemvalue="opencv-python" />
        </list>
      </value>
    </option>
  </inspection_tool>
  <inspection_tool class="PyPep8Inspection" enabled="true" level="WEAK WARNING" enabled_by_default="true">
    <option name="ignoredErrors">
      <list>
        <option value="E402" />
        <option value="W292" />
        <option value="E203" />
        <option value="E741" />
      </list>
    </option>
  </inspection_tool>
</profile>